Algae,Herbivorous Fish,Small Crustaceans,Cave Beetles,Small Plants,Large Fish,Water Snakes,Mushrooms,Venomous Spiders,Bat Colonies,Fungal Golems,CO2,O2
24.853943524829603,6.714285714285714,15.052442703232126,9.0,14.647517039922104,4.991489361702127,3.678090366581415,32.722507708119224,6.888888888888889,1.8009317633969961,1.9783154955793392,1027.0,973.0
61.26916162881894,11.078109148332604,29.813161531168966,16.539694986780262,30.539287689689907,8.282444253757633,6.540689959292197,70.60740418504287,12.114398200556387,3.2364957868912234,3.9209850547475336,1070.325491437034,929.6745085629659
148.2363651241604,19.549546814868446,60.77547717644924,30.985910050686748,63.233093707458856,14.01060663506436,11.422832066256507,148.37464425315687,21.705922589303853,5.787924976869311,7.782728516204662,1140.650425225095,859.349574774905
344.213153346224,35.75612779856234,125.83364769376773,59.01285058034798,129.2696911999577,24.23547029410365,19.87735175318025,291.2200371008952,39.54467580951189,10.300769583991963,15.462603373580032,1249.5765594723357,750.4234405276643
733.3452323221627,66.79526366567438,255.2617380938284,113.45676228544912,258.3115326789259,42.765944786592854,34.77122265871513,471.8152875452148,73.03477609956326,18.274919683168196,30.726461190278158,1397.337248914095,602.662751085905
1300.04165688266,126.22294566966883,413.3163129321622,212.2317470385806,493.9297148440217,76.69750110910937,61.38172650872286,489.9382264423951,135.30672962471903,32.39232603642872,60.955420392428536,1512.5828599214908,487.4171400785092
1339.7360226375768,238.98319512140452,620.6164537677168,356.58822654606763,835.0276734722088,139.1968271734923,109.42158096474805,649.824492703593,244.46102996258657,57.47579119732486,118.95492698991103,1327.0544239490246,672.9455760509754
1754.17607034466,306.2291715424927,-176.47540653765566,1649.125601267247,1299.1249381205976,437.98456800230895,207.87398064231445,-193.53716028819508,1002.4891534551091,103.21831460941539,320.6272933733262,1687.8132522660835,312.1867477339165
2371.651192283837,1059.0232315628984,-267.26323337085415,14802.749602220692,1918.1887744598087,1751.7815739237276,706.0425375908244,-271.8755596355188,6779.239433703566,256.8869058464758,1026.8897257013728,2292.047759867189,-292.04775986718914
5575.307357629159,2391.4576202962558,-610.4547785844507,44602.5547745999,3858.4636843916223,4022.487622577418,1726.4486547840104,-594.0659512824473,18327.13960875263,542.7853543908668,2155.807987453253,23845.68201066673,-21845.68201066673
13402.189019595902,5341.969305320652,-1398.3449558871016,126219.00513117819,7914.486132900628,9077.966363021658,4192.583241682347,-1301.9613695674152,47290.91774447252,1143.662994702992,4476.832934201255,86976.07186163339,-84976.07186163339
32472.00147191047,11884.700832025279,-3206.3675026282,351579.51069241704,16356.122974217738,20353.785730713687,10157.324105558817,-2856.4522061566627,120007.36894586631,2407.253751074994,9258.852585854705,260702.02809826197,-258702.02809826197
79017.68916142055,26378.69914187311,-7356.3234391963015,976816.8574033962,33945.54631811843,45459.83546698261,24575.586996850612,-6270.772342851689,301682.9237441882,5063.971339582712,19104.044126368943,731459.8805868598,-729459.8805868598
192870.61031746797,58450.232599993265,-16884.4031267483,2720941.7243327373,70653.1318868892,101250.38732225043,59403.76831535876,-13772.12860139267,752971.23945459,10648.430157848947,39354.71004803937,2003951.467544515,-2001951.467544515
471943.4907354594,129342.64386252148,-38766.13560222718,7615968.724602142,147364.56039804855,225007.76630206502,143475.39500654838,-30256.926450871564,1867053.7300144432,22384.585873780852,80975.50361044699,5452791.685842834,-5450791.685842834
1157358.6637402,285906.0001780202,-89030.52295694861,21443292.282848038,307856.816808115,499109.19529292535,346282.0746558228,-66491.24328277781,4599454.102042724,47044.75493548912,166463.51496192662,14848668.921928175,-14846668.921928175
2843927.38220027,631408.4251010367,-204516.48498832487,60761315.72035927,643932.4764370801,1105400.6420024324,835210.4779639896,-146150.10612926626,11255895.691129755,98853.9292464066,341966.60831277387,40615483.60005508,-40613483.60005508
7001311.085703973,1393377.5199023662,-469901.5768816937,173300355.37048027,1348178.7251507915,2444996.1441421974,2013240.0613302283,-321300.9787798185,27361693.951394327,207689.39477802895,702129.7824489713,111807008.64441581,-111805008.64441581
17266160.802535284,3072943.9032492517,-1079847.9221051396,497484689.94656456,2824727.6922525475,5402125.633993572,4850075.447551248,-706462.649744818,66070558.7165246,436300.7449648415,1441035.3733082572,310089798.50237596,-310087798.50237596
42649605.27347866,6773546.938967839,-2481901.7221432207,1437026951.3843312,5921804.398749027,11925069.512341581,11678166.919137694,-1553527.0229230574,158507984.76586363,916473.0890205608,2956637.4999947934,866970329.2018946,-866968329.2018946
105507680.2583785,14924329.382635836,-5705097.648485495,4175333024.5900745,12420006.830167558,26304972.290251873,28105718.439546037,-3416574.5232320623,377931810.2371135,1924971.4983606166,6064862.292778036,2444148320.894258,-2444146320.894258
261365839.36559013,32871995.393644225,-13115634.42322585,12196819378.681618,26057591.512225345,57990452.471213825,67612900.11131532,-7514447.801207371,895968921.1234008,4043026.826268338,12438526.627116334,6947688650.364756,-6947686650.364756
648267353.9629933,72383525.59988156,-30154725.85969937,35800274993.7301,54683423.533327535,127781707.76899073,162592454.4316431,-16528381.383928735,2113150710.1029654,8491259.551659625,25507140.016817745,19907380338.497086,-19907378338.497086
1609699208.4890423,159353160.8196882,-69335299.74708831,105523213767.2555,114777952.19932038,281460708.97726977,390865916.46307325,-36356734.56058006,4961259982.421322,17833025.16114131,52301524.4462218,57467928244.95919,-57467926244.95919
4000977735.420214,350759395.2943649,-159433772.05768743,312152595587.40674,240946937.40444434,619782724.2481977,939358773.3972495,-79975319.34927352,11602477146.692472,37451447.25818376,107235321.57248652,167024047135.5074,-167024045135.5074
9953275468.798216,771972989.4326599,-366630009.7032223,926167518712.1766,505857800.33207965,1364465895.284432,2256990690.3655796,-175929985.92097718,27044050808.521233,78651198.5838439,219857133.9625368,488352373767.1455,-488352371767.1455
24779651932.589874,1698838837.452086,-843127271.8742268,2754754066456.4893,1062105261.203037,3003381572.3774953,5421746539.627822,-387020090.939676,62863774352.281555,165172258.0762703,450742487.01253855,1435254187930.718,-1435254185930.718
61731724419.612015,3738262917.04881,-1938974593.8461998,8209949792898.933,2230128150.4674096,6609994459.545193,13021905629.052465,-851401773.5917234,145799323959.17688,346868825.585554,924072452.4922433,4236540005877.4287,-4236540003877.4287
153873842712.1983,8225514616.210668,-4459252128.404035,24506732856365.58,4682833200.353504,14546165475.421604,31271489419.665268,-1873014591.1735802,337540380069.5525,728435079.3793284,1894419969.2565885,12550177998081.746,-12550177996081.746
383732090508.13086,18098309659.597553,-10255586598.91458,73243555869279.27,9833302784.31168,32008373775.082882,75088292412.47284,-4120519195.078134,780315213742.877,1529729320.7184024,3883662000.2516785,37286228316444.68,-37286228314444.68
957340944337.1329,39819821274.37317,-23586617737.64994,219114583490668.44,20648977902.552307,70429495101.36153,180282993888.1134,-9064958730.058887,1801854052779.1282,3212454756.5658693,7961649733.835739,111032766267548.5,-111032766265548.5
2389202042613.592,87609351098.56105,-54247037405.36657,655984561936728.9,43361437649.409,154962859189.50696,432816556132.47565,-19942611512.336124,4157006375526.95,6746189259.537359,16321582887.842957,331240268727042.94,-331240268725042.94
5964352460469.129,192749879939.422,-124764320161.61084,1964985662082748.0,91056929036.4714,340947410018.6239,1039024760235.5488,-43873263049.385254,9583816273738.748,14167048034.675846,33459527581.00212,989573540448686.0,-989573540446686.0
14892851233462.254,424064800042.1397,-286951098829.0776,5888550758733926.0,191216469246.70886,750131435783.2797,2494170112638.589,-96520398237.22867,22083123031312.906,29750875470.83982,68592428736.98857,2959539320458265.0,-2959539320456265.0
37194571322986.69,932966920629.8838,-659975443596.6685,1.7652013883693168e+16,401550045119.2391,1650365383672.2507,5986991423861.201,-212343614118.22333,50862748767225.695,62476948397.78738,140615036587.94473,8858472372676401.0,-8858472372674401.0
92908214027822.4,2052566593935.129,-1517922178298.6177,5.292749512487173e+16,843248409653.32,3630927034554.8247,14370670806807.473,-467153911693.35645,117111081128771.38,131201753468.68631,288261607512.7759,2.6531653980424124e+16,-2.6531653980422124e+16
232107670391194.06,4515710098759.525,-3491183333653.017,1.587240304053375e+17,1770811821720.3157,7988238471730.082,34493246653626.02,-1027735311687.0497,269579754310178.6,275523920461.00354,590937392865.3115,7.950099727569344e+16,-7.950099727569144e+16
579930067398220.0,9934664901060.016,-8029655177269.629,4.7605591595961434e+17,3718690351030.2305,17574445968211.79,82790781768183.39,-2261012366927.716,620429883096821.2,578600583380.8071,1211423194027.2014,2.3830407369102032e+17,-2.383040736910183e+17
1449119109245366.8,21856428544847.18,-18468089597519.03,1.4279467050014167e+18,7809228447374.592,38664299862218.61,198711306695941.47,-4974218621342.324,1427689100910376.5,1215061740505.2034,2483419704405.9336,7.144985700248529e+17,-7.14498570024851e+17
3621327672458463.0,48084410337778.72,-42476399138821.21,4.283448000845947e+18,16399348431395.777,85062296935382.66,476932936137584.0,-10943267109652.797,3284921614794299.0,2551630413004.7583,5091013416329.508,2.1426555239978163e+18,-2.1426555239978143e+18
9050258170115816.0,105786134488617.64,-97695353032850.84,1.2849734499878863e+19,34438585671385.54,187138404376360.34,1144688600951354.5,-24075165279102.715,7557502601571585.0,5358424981774.428,10436581738303.441,6.426315022058659e+18,-6.426315022058657e+18
2.261927160861511e+16,232730192541758.8,-224698668284406.97,3.854853569470557e+19,72320962228456.78,411706669813573.44,2747347809884837.0,-52965327530732.28,1.7386107984121488e+16,11252694100252.414,21394998496766.336,1.9275853965411533e+19,-1.927585396541153e+19
5.653490649366003e+16,512007547657993.5,-516805801913932.75,1.1564591247282566e+20,151873921179037.1,905758191317473.2,6593817495025511.0,-116523662347942.75,3.999484436165645e+16,23630660019386.227,43859755230628.24,5.782223094389939e+19,-5.7822230943899386e+19
1.4130962687084803e+17,1126418418430397.8,-1188651342690323.0,3.46943055849199e+20,318935088203534.5,1992673696464798.0,1.582551290578176e+16,-256351963233615.12,9.200013025427312e+16,49624389581889.484,89912509867402.66,1.734588972248569e+20,-1.734588972248569e+20
3.5321650694487315e+17,2478123446507730.0,-2733894558468991.5,1.0408529669176499e+21,669763470204347.9,4383891288973491.5,3.7981904774492376e+16,-563974167568705.9,2.116214446007259e+17,104211223327568.22,184320661540555.06,5.203699637809653e+20,-5.203699637809653e+20
8.82921390253812e+17,5451876302840204.0,-6287951260474292.0,3.122642615793064e+21,1406502971347967.0,9644575608575584.0,9.115786519141691e+16,-1240742924160260.0,4.8676661544404416e+17,218843576640064.7,377857379008882.5,1.5611225004554694e+21,-1.5611225004554694e+21
2.207053804759794e+18,1.1994135481877468e+16,-1.4462276924351066e+16,9.368192966923431e+21,2953655775201488.0,2.1218090171938948e+16,2.187813604438603e+17,-2729634038715790.0,1.1196289839504064e+18,459571522192590.0,774607658977618.5,4.683466877294626e+21,-4.683466877294626e+21
5.517114496890749e+18,2.638711034634015e+16,-3.326321757446992e+16,2.8105370423710957e+22,6202676444938034.0,4.667983682793468e+16,5.250800342862991e+17,-6005194248835250.0,2.5752626450330214e+18,965100213139191.0,1587945745742677.5,1.4050805501595788e+22,-1.4050805501595788e+22
1.3791703117095932e+19,5.805166258307295e+16,-7.65053662992206e+16,8.4318386879113e+22,1.3025619530414704e+16,1.0269570305167096e+17,1.2602012390596347e+18,-1.3211426320843492e+16,5.923308610171087e+18,2026710471897595.8,3255288841581796.0,4.215378930239404e+22,-4.215378930239404e+22
3.4477001712495514e+19,1.2771368965978534e+17,-1.759622823217233e+17,2.529615340626601e+23,2.7353799538106764e+16,2.259306467858363e+17,3.024500554409156e+18,-2.906513624967336e+16,1.3623970464704393e+19,4256092026712530.5,6673342213225089.0,1.2646563127519197e+23,-1.2646563127519197e+23
8.618780488489709e+19,2.8097016883944378e+17,-4.0471314324998554e+17,7.589021141535244e+23,5.744297686072309e+16,4.970475843733835e+17,7.258835084734391e+18,-6.394329707739611e+16,3.133576804752466e+19,8937793308614116.0,1.368035166035604e+16,3.794094689997113e+23,-3.794094689997113e+23
2.154597231791386e+20,6.181344546726897e+17,-9.308400424089633e+17,2.2767537630934198e+24,1.2063024821874654e+17,1.0935049460772716e+18,1.7421269009896313e+19,-1.40675249259766e+17,7.207338796194886e+19,1.876936602528838e+16,2.80447210763696e+16,1.1382642644879641e+24,-1.1382642644879641e+24
5.386289165780328e+20,1.359895934547168e+18,-2.1409317676906724e+18,6.830388239897088e+24,2.533235165720103e+17,2.4057113015599816e+18,4.181117004958401e+19,-3.0948554141740685e+17,1.6577076981103414e+20,3.941566876658443e+16,5.74916784483901e+16,3.4148926288231246e+24,-3.4148926288231246e+24
1.34652981377335e+21,2.9917712726158694e+18,-4.92414248406883e+18,2.0491501476085528e+25,5.319793779109901e+17,5.292565541320634e+18,1.003470470116544e+20,-6.808681798993482e+17,3.8127625754473346e+20,8.277290457663674e+16,1.1785794115795757e+17,1.0244950980517254e+25,-1.0244950980517254e+25
3.3662360469887517e+21,6.581897149214105e+18,-1.132552668779371e+19,6.14753910447699e+25,1.1171566834846819e+18,1.1643645284539847e+19,2.4083337149304996e+20,-1.4979099776790996e+18,8.769415410248521e+20,1.7382309985614112e+17,2.4160877984834496e+17,3.073558989807118e+25,-3.073558989807118e+25
8.415405782253704e+21,1.4480174292053223e+19,-2.60487095735522e+19,1.8442849291576192e+26,2.346029020429406e+18,2.5616021390347264e+19,5.780009722048362e+20,-3.29540192169417e+18,2.0169763864360866e+21,3.6502851005833856e+17,4.9529799935383315e+17,9.220873718208758e+25,-9.220873718208758e+25
2.1038130447982025e+22,3.1856384352068645e+19,-5.991202883046556e+19,5.532915165612033e+26,4.926660921016179e+18,5.635524990521095e+19,1.3872040240582421e+21,-7.249884180618973e+18,4.639064806847822e+21,7.66559871652351e+17,1.0153608996065107e+18,2.766314189358076e+26,-2.766314189358076e+26
5.2594526146408735e+22,7.008404704193675e+19,-1.3779766068741515e+20,1.659890194663995e+27,1.0345987901962713e+19,1.2398155438365658e+20,3.329292903966105e+21,-1.5949745121361764e+19,1.0669882766957665e+22,1.609775731248789e+18,2.0814898454977152e+18,8.299079415403749e+26,-8.299079415403749e+26
1.314846488290946e+23,1.5418490585960926e+20,-3.169346096665819e+20,4.979710967875351e+27,2.1726574546830623e+19,2.727594270526759e+20,7.990309202195852e+21,-3.5089439144384344e+19,2.4540789807620903e+22,3.3805290367673533e+18,4.2670541850974925e+18,2.4897595745173677e+27,-2.4897595745173677e+27
3.287081502520088e+23,3.392067967104151e+20,-7.289495847508364e+20,1.4939236800804342e+28,4.562580647882729e+19,6.00070751468331e+20,1.9176754051880063e+22,-7.719676591983473e+19,5.644392137564537e+22,7.099110978894418e+18,8.747461082009397e+18,7.469371649684192e+27,-7.469371649684192e+27
8.217631429005918e+23,7.462549589246104e+20,-1.6765840141001304e+21,4.481797693360533e+28,9.58141935033484e+19,1.320155672513398e+21,4.602423270018545e+22,-1.6983288470450507e+20,1.2982120399196713e+23,1.4908133058152227e+19,1.7932295221704712e+19,2.2408355466365675e+28,-2.2408355466365675e+28
2.0543927894694278e+24,1.6417609195749227e+21,-3.8561431780728913e+21,1.3445461281972146e+29,2.012098062068153e+20,2.904342510639209e+21,1.1045820259337486e+23,-3.736323458350506e+20,2.9858909509278842e+23,3.130707942575635e+19,3.676120520951723e+19,6.722568663928477e+28,-6.722568663928477e+28
5.135950583169591e+24,3.611874039102495e+21,-8.869129213718179e+21,4.0336557978489056e+29,4.225405928134959e+20,6.389553573596234e+21,2.650997709203229e+23,-8.219911600064763e+20,6.867554934003202e+23,6.5744866799434195e+19,7.536047068654603e+19,2.0167865429670084e+29,-2.0167865429670084e+29
1.2839811062281843e+25,7.946122911899414e+21,-2.039899702253839e+22,1.2101011765688538e+30,8.873352445837437e+20,1.4057017942884326e+22,6.362396128245289e+23,-1.8083805506741658e+21,1.5795386481801663e+24,1.3806422028667018e+20,1.544889649172752e+20,6.050400500151447e+29,-6.050400500151447e+29
3.209939141695576e+25,1.7481470447921735e+22,-4.6917692853813015e+22,3.6303148168254137e+30,1.863404013148706e+21,3.0925439604980583e+22,1.5269753829994788e+24,-3.978437209321178e+21,3.632940677696847e+24,2.899348626135591e+20,3.167023780942204e+20,1.8151306017521785e+30,-1.8151306017521785e+30
8.024819471546205e+25,3.8459235052772905e+22,-1.079106930382546e+23,1.0890973117362865e+31,3.9131484269108674e+21,6.803596734171416e+22,3.6647415186596286e+24,-8.752561857018603e+21,8.355766709559829e+24,6.088632115054552e+20,6.492398751124921e+20,5.445418475356248e+30,-5.445418475356248e+30
2.0061989548919782e+26,8.461031722475e+22,-2.4819459306133078e+23,3.2672992058740524e+31,8.217611695481745e+21,1.4967912849179082e+23,8.795380795743587e+24,-1.925563607981366e+22,1.9218268987980013e+25,1.278612744186418e+21,1.330941744007701e+21,1.633632335220953e+31,-1.633632335220953e+31
5.015485068607278e+26,1.861426980697374e+23,-5.7084756240706526e+23,9.801916034934608e+31,1.7256984558995985e+22,3.292940832305029e+23,2.1108916119621518e+25,-4.236239936651144e+22,4.420202846939178e+25,2.6850867628281713e+21,2.728430575253739e+21,4.900914276593551e+31,-4.900914276593551e+31
1.2538687007923573e+27,4.095139360362185e+23,-1.3129493906549798e+24,2.940579470539631e+32,3.623966757166353e+22,7.24446983992119e+23,5.066140292996674e+25,-9.319727859167836e+22,1.0166468275500046e+26,5.6386822019931e+21,5.593282679323329e+21,1.4702786676810266e+32,-1.4702786676810266e+32
3.1346664054340415e+27,9.009306597359241e+23,-3.0197835934258264e+24,8.821750190870872e+32,7.610330189721821e+22,1.5937833662104786e+24,1.2158737517822121e+26,-2.0503401287806226e+23,2.338288007987222e+26,1.1841232624264801e+22,1.1466229492687296e+22,4.410847119822572e+32,-4.410847119822572e+32
7.836654875007522e+27,1.9820474521551043e+24,-6.94550225592058e+24,2.646528031990821e+33,1.5981693397934372e+23,3.506323407966592e+24,2.918097160685977e+26,-4.5107482829361375e+23,5.378062955520107e+26,2.4866588511072642e+22,2.3505770460113283e+22,1.3232569510362153e+33,-1.3232569510362153e+33
1.9591613982256431e+28,4.3605043959287555e+24,-1.5974655172819976e+25,7.939591602141854e+33,3.3561556134954444e+23,7.713911501242874e+24,7.00343348595048e+26,-9.92364622184445e+23,1.2369545744868348e+27,5.221983587342389e+22,4.8186829443378375e+22,3.9697779739685224e+33,-3.9697779739685224e+33
4.897898661153204e+28,9.593109672959134e+24,-3.674170686962998e+25,2.3818793732639967e+34,7.047926788236397e+23,1.6970605308730057e+25,1.680824094286427e+27,-2.1832021687065506e+24,2.8449956883375074e+27,1.0966165533444204e+23,9.878300035913038e+22,1.1909351916666504e+34,-1.1909351916666504e+34
1.2244736581226316e+29,2.110484128360103e+25,-8.450592575102966e+25,7.145642888640078e+34,1.4800646255143497e+24,3.7335331688879228e+25,4.033977936991251e+27,-4.8030447709943227e+24,6.543490377683959e+27,2.3028947620269852e+23,2.0250515073650407e+23,3.572810118328209e+34,-3.572810118328209e+34
3.0611820470504638e+29,4.6430650828908975e+25,-1.9436362914075466e+26,2.143694067457116e+35,3.108135713557653e+24,8.213772973114021e+25,9.681547261330133e+27,-1.0566698495929235e+25,1.5050028387987826e+28,4.836079000262112e+23,4.151355590102351e+23,1.0718441816786931e+35,-1.0718441816786931e+35
7.652950746269172e+29,1.0214743183164495e+26,-4.470363468710072e+26,6.431085224617671e+35,6.527084998438025e+24,1.80703005433686e+26,2.323571383529014e+28,-2.3246736690627637e+25,3.46150662080962e+28,1.0155765900558435e+24,8.510278959715447e+23,3.2155354344838052e+35,-3.2155354344838052e+35
1.9132367758696484e+30,2.247243500425985e+26,-1.0281835975340054e+27,1.9293263276098328e+36,1.3706878496671273e+25,3.975466119947289e+26,5.576571398824357e+28,-5.114282071870855e+25,7.961465389334714e+28,2.1327108391184474e+24,1.744607186742455e+24,9.6466135827376e+35,-9.6466135827376e+35
4.783090042390369e+30,4.943935701146571e+26,-2.3648222738533276e+27,5.787980894220905e+36,2.8784444842938263e+25,8.746025464539367e+26,1.3383771507619438e+29,-1.1251420558007426e+26,1.831137068019967e+29,4.478692762150469e+24,3.576444732823137e+24,2.8939859075603e+36,-2.8939859075603e+36
1.1957721153306673e+31,1.0876658542860294e+27,-5.439091229025274e+27,1.7363947486303883e+37,6.044733417006538e+25,1.9241256023043874e+27,3.212105190713319e+29,-2.4753125227441362e+26,4.2116153066532584e+29,9.405254800518526e+24,7.331711702288977e+24,8.681962334513515e+36,-8.681962334513515e+36
2.9894294648548197e+31,2.392864879483769e+27,-1.2509909825281552e+28,5.2091854526498705e+37,1.2693940175698298e+26,4.233076325240224e+27,7.709052513170476e+29,-5.4456875500088695e+26,9.686715293834725e+29,1.975103508109264e+25,1.5030008989694572e+25,2.604589860274975e+37,-2.604589860274975e+37
7.473571946572283e+31,5.264302734952226e+27,-2.8772792595543872e+28,1.5627559388444516e+38,2.6657274368943742e+26,9.312767915803682e+27,1.8501726138089446e+30,-1.1980512609973969e+27,2.2279445331931642e+30,4.147717367030003e+25,3.0811518428876906e+25,7.813772496800989e+37,-7.813772496800989e+37
1.86839262923402e+32,1.1581466017036763e+28,-6.617742296515972e+28,4.688268577319967e+38,5.598027617474852e+26,2.0488089415212073e+28,4.440414293585679e+30,-2.635712774186926e+27,5.124272453871979e+30,8.710206470763815e+25,6.316361277920191e+25,2.344132481792647e+38,-2.344132481792647e+38
4.670980828483341e+32,2.547922523770976e+28,-1.5220807281177158e+29,1.406480764128601e+39,1.1755857996692288e+27,4.507379671418284e+28,1.0656994343858507e+31,-5.798568103199382e+27,1.1785826692446054e+31,1.8291433588605197e+26,1.2948540619736988e+26,7.032399285995322e+38,-7.032399285995322e+38
1.1677450519955626e+33,5.6054295523330725e+28,-3.5007856745279904e+29,4.219442771430458e+39,2.46873017930466e+27,9.916235277235785e+28,2.5576786500625927e+31,-1.2756849827019514e+28,2.710740147821899e+31,3.841201053607265e+26,2.654450827046166e+26,2.109720247984554e+39,-2.109720247984554e+39
2.9193623068114007e+33,1.2331945015192332e+29,-8.051807051162652e+29,1.265832951589232e+40,5.184333376538727e+27,2.181571761010516e+29,6.138428774620398e+31,-2.8065069619412077e+28,6.234702355083275e+31,8.066522212575514e+26,5.441624195444757e+26,6.32916190414471e+39,-6.32916190414471e+39
7.298405093742283e+33,2.7130279033519243e+29,-1.8519156217230225e+30,3.797499156097282e+40,1.088710009072977e+28,4.799457874253213e+29,1.4732229086871688e+32,-6.174315316265679e+28,1.4339815443305356e+32,1.693969664640896e+27,1.1155329600661916e+27,1.8987488623910435e+40,-1.8987488623910435e+40
1.8246011331676522e+34,5.96866138738974e+29,-4.2594059298846817e+30,1.1392498223781693e+41,2.286291019053023e+28,1.0558807323405594e+30,3.535734986183489e+32,-1.3583493695776464e+29,3.298157556653135e+32,3.5573362957459373e+27,2.2868425681357156e+27,5.6962473176028115e+40,-5.6962473176028115e+40
4.561502540694376e+34,1.3131055052282442e+30,-9.796633638596752e+30,3.417749656511944e+41,4.801211140011012e+28,2.3229376111570597e+30,8.485763977082196e+32,-2.988368613069526e+29,7.585762388577363e+32,7.47040622106655e+27,4.688027264678249e+27,1.7088743784846345e+41,-1.7088743784846345e+41
1.1403755742934503e+35,2.8888321115061733e+30,-2.253225736852916e+31,1.0253249444157256e+42,1.008254339402263e+29,5.110462744558162e+30,2.0365833564661572e+33,-6.574410948750867e+29,1.7447253508319785e+33,1.5687853064239878e+28,9.610455892590455e+27,5.126623594852898e+41,-5.126623594852898e+41
2.8509388089000163e+35,6.355430645320092e+30,-5.182419194718793e+31,3.075974952177374e+42,2.1173341127446795e+29,1.1243018038048334e+31,4.8878000592943225e+33,-1.4463704087248534e+30,4.01286830948658e+33,3.294449143490392e+28,1.9701434579810497e+28,1.5379871936295005e+42,-1.5379871936295005e+42
7.127346758013394e+35,1.3981947419714707e+31,-1.1919564147777552e+32,9.227925154499215e+42,4.44640163676372e+29,2.473463968373921e+31,1.173072014955542e+34,-3.182014899194133e+30,9.229597116356242e+33,6.918343201329849e+28,4.03879408886116e+28,4.6139618695778305e+42,-4.6139618695778305e+42
1.7818366344540537e+36,3.0760284323389304e+31,-2.7414997539754938e+32,2.7683776209913795e+43,9.337443437203655e+29,5.44162073042793e+31,2.8153728372851175e+34,-7.000432778226215e+30,2.122807337561979e+34,1.4528520722792724e+29,8.27952788216539e+28,1.384188633221869e+43,-1.384188633221869e+43
4.4545914714491163e+36,6.76726255114838e+31,-6.3054494341201065e+32,8.305133049928272e+43,1.9608631218127444e+30,1.1971565606950001e+32,6.75689481215657e+34,-1.5400952112096258e+31,4.882456877803295e+34,3.0509893517864776e+29,1.697303215843907e+29,4.152566080948097e+43,-4.152566080948097e+43
1.1136478439693607e+37,1.4887977612530849e+32,-1.4502533698434756e+33,2.49153996179885e+44,4.11781255580673e+30,2.6337444335303807e+32,1.621654755430656e+35,-3.388209464660948e+31,1.1229650821435188e+35,6.407077638751612e+29,3.479471592480012e+29,1.2457698697010569e+44,-1.2457698697010569e+44
2.784119560146492e+37,3.2753550747574984e+32,-3.3355827506326777e+33,7.47462000263884e+44,8.647406367194084e+30,5.794237753769065e+32,3.891971414018687e+35,-7.454060822253717e+31,2.582819689368742e+35,1.3454863041378397e+30,7.132916764584028e+29,3.737309722868992e+44,-3.737309722868992e+44
6.960298796664342e+37,7.205781164467645e+32,-7.671840326442259e+33,2.2423860301469972e+45,1.8159553371107503e+31,1.2747323058295536e+33,9.340731395536263e+35,-1.6398933808957584e+32,5.94048528632159e+35,2.825521238689465e+30,1.4622479367397265e+30,1.121192945354557e+45,-1.121192945354557e+45
1.7400746775615265e+38,1.585271856183067e+33,-1.764523275079445e+34,6.727158163934147e+45,3.813506207932565e+31,2.804411072825598e+33,2.241775535291855e+36,-3.607765437970572e+32,1.3663116159903565e+36,5.933594601247879e+30,2.99760827031644e+30,3.363578907420834e+45,-3.363578907420834e+45
4.35018664889432e+38,3.4875980836030466e+33,-4.058403532678712e+34,2.0181474675780724e+46,8.008363036658371e+31,6.169704360217251e+33,5.380261285397703e+36,-7.937083963535105e+32,3.1425167170183227e+36,1.246054866262055e+31,6.145096954148703e+30,1.0090736900941954e+46,-1.0090736900941954e+46
1.0875466528466021e+39,7.672715783927185e+33,-9.334328125153965e+34,6.054442448786276e+46,1.6817562376982554e+32,1.357334959247946e+34,1.291262708629321e+37,-1.7461584719776978e+33,7.227788449566228e+36,2.6167152191503167e+31,1.2597448756004843e+31,3.027221115019501e+46,-3.027221115019501e+46
2.7188666125811348e+39,1.6879974724640586e+34,-2.1468954687841647e+35,1.8163327461623714e+47,3.531688099166333e+32,2.986136910345725e+34,3.099030500967405e+37,-3.8415486383508945e+33,1.662391343475013e+37,5.495101960215667e+31,2.5824769949809928e+31,9.081663457057756e+46,-9.081663457057756e+46
6.797166490754151e+39,3.7135944394210542e+34,-4.93785957820138e+35,5.44899826733493e+47,7.416545008249295e+32,6.569501202760988e+34,7.437673202815279e+37,-8.451407004371903e+33,3.8235000901243926e+37,1.1539714116452901e+32,5.294077839711036e+31,2.7244990651539024e+47,-2.7244990651539024e+47
1.6992916142096448e+40,8.169907766726522e+34,-1.1357077029859296e+36,1.634699487419845e+48,1.557474451732351e+33,1.4452902646074808e+35,1.7850415687704203e+38,-1.8593095409618082e+34,8.794050207518623e+37,2.4233399644551097e+32,1.0852859571407624e+32,8.173497265639286e+47,-8.173497265639286e+47
4.248229017859752e+40,1.7973797086798673e+35,-2.6121277168669542e+36,4.904098480325345e+48,3.2706963486379364e+33,3.17963858213656e+35,4.284099765230935e+38,-4.090480990115961e+34,2.022631547770284e+38,5.0890139253557315e+32,2.224836212138563e+32,2.452049197256373e+48,-2.452049197256373e+48
1.062057250784863e+41,3.9542353590957606e+35,-6.007893748792789e+36,1.4712295486181408e+49,6.868462332139666e+33,6.995204880700596e+35,1.0281839436903542e+39,-8.999058178255086e+34,4.6520525599439505e+38,1.0686929243247036e+33,4.560914234884055e+32,7.356147635727944e+48,-7.356147635727944e+48
2.6551431192953352e+41,8.699317790010759e+35,-1.3818155622221288e+37,4.4136886571653613e+49,1.4423770897493295e+34,1.538945073754158e+36,2.4676414649239155e+39,-1.9797927992161147e+35,1.0699720887998573e+39,2.2442551410818777e+33,9.349874181512314e+32,2.2068443017192004e+49,-2.2068443017192004e+49
6.637857782265791e+41,1.9138499138023808e+36,-3.1781757931105214e+37,1.3241065999795985e+50,3.028991888473592e+34,3.385679162259191e+36,5.922339515946162e+39,-4.355544158275445e+35,2.4609358042621518e+39,4.7129357962719435e+33,1.9167242072100242e+33,6.620532932685729e+49,-6.620532932685729e+49
1.6594644422388338e+42,4.21046981036526e+36,-7.309804324153538e+37,3.972319807019074e+50,6.360882965794542e+34,7.44849415697029e+36,1.4213614838518018e+40,-9.582197148205968e+35,5.660152349842589e+39,9.897165172171081e+33,3.92928462478055e+33,1.986159886693877e+50,-1.986159886693877e+50
4.1486610986645557e+42,9.263033582803607e+36,-1.6812549945551971e+38,1.191695943877039e+51,1.3357854228168538e+35,1.6386687145334752e+37,3.4112675612917923e+40,-2.108083372605311e+36,1.3018350404707854e+40,2.078404686155927e+34,8.055033480800127e+33,5.958479677316419e+50,-5.958479677316419e+50
1.037165273221862e+43,2.0378673882167991e+37,-3.866886487476748e+38,3.5750878360623454e+51,2.805149387915393e+35,3.605071171973663e+37,8.18704214719144e+40,-4.6377834197316815e+36,2.9942205930951316e+40,4.364649840927447e+34,1.6512818635640262e+34,1.787543907507006e+51,-1.787543907507006e+51
2.592913180045745e+43,4.483308254076968e+37,-8.893838921196157e+38,1.0725263519272017e+52,5.8908137146223255e+35,7.931156578342087e+37,1.9648901153434444e+41,-1.0203123523409695e+37,6.886707364140537e+40,9.165764665947639e+34,3.3851278203062537e+34,5.3626317333091764e+51,-5.3626317333091764e+51
6.482282943845801e+43,9.863278158969344e+37,-2.045582951875052e+39,3.2175790585544785e+52,1.2370708800706883e+36,1.7448544472352638e+38,4.715736276857864e+41,-2.2446871751501323e+37,1.5839426937561559e+41,1.9248105798490043e+35,6.93951203162782e+34,1.6087895226916642e+52,-1.6087895226916642e+52
1.6205707346554993e+44,2.169921194973258e+38,-4.704840789312507e+39,9.652737182599457e+52,2.5978488481484456e+36,3.838679783917587e+38,1.131776706452338e+42,-4.938311785330289e+37,3.643068195645916e+41,4.042102217682909e+35,1.4225999664837032e+35,4.826368574826678e+52,-4.826368574826678e+52
4.051426833918018e+44,4.773826628941172e+38,-1.0821133815418568e+40,2.895821156514747e+53,5.455482581111736e+36,8.445095524618704e+38,2.7162640954979964e+42,-1.0864285927726635e+38,8.379056849997525e+41,8.48841465713411e+35,2.9163299312915917e+35,1.4479105741369622e+53,-1.4479105741369622e+53
1.0128567079126858e+45,1.0502418583670584e+39,-2.4888607775462357e+40,8.68746347388365e+53,1.1456513420334646e+37,1.857921015416117e+39,6.519033829218971e+42,-2.3901429040998593e+38,1.9271830755015322e+42,1.7825670779981633e+36,5.978476359147763e+35,4.343731726635728e+53,-4.343731726635728e+53
2.532141768600842e+45,2.3105320884075294e+39,-5.72437978835628e+40,2.606239043250451e+54,2.4058678182702754e+37,4.08742623391546e+39,1.5645681190171188e+43,-5.2583143890196895e+38,4.432521073657229e+42,3.743390863796143e+36,1.2255876536252915e+36,1.303119519047505e+54,-1.303119519047505e+54
6.330354419041954e+45,5.0831705944965656e+39,-1.3166073513219336e+41,7.818717132465932e+54,5.052322418367578e+37,8.992337714614018e+39,3.7549634856498513e+43,-1.1568291655843315e+39,1.0194798469418158e+43,7.8611208139719e+36,2.5124546899318477e+36,3.9093585597858406e+54,-3.9093585597858406e+54
1.582588604247957e+46,1.1182975307892445e+40,-3.0281969080404283e+41,2.345615140418705e+55,1.0609877078571914e+38,1.978314297215085e+40,9.011912365576474e+43,-2.545024164285529e+39,2.3448036479673286e+43,1.650835370934099e+37,5.150532114360288e+36,1.1728075685969044e+55,-1.1728075685969044e+55
3.9564715095521194e+46,2.460254567736338e+40,-6.964852888492951e+41,7.036845422954092e+55,2.228074186500102e+38,4.352291453873188e+40,2.162858967741585e+44,-5.599053161428164e+39,5.393048390326887e+43,3.4667542789616083e+37,1.0558590834438591e+37,3.51842270744435e+55,-3.51842270744435e+55
9.89117877165577e+46,5.4125600490199445e+40,-1.601916164353373e+42,2.1110536273108786e+56,4.678955791650214e+38,9.575041198521017e+40,5.190861522586008e+44,-1.231791695514196e+40,1.2404011297755423e+44,7.280183985819378e+37,2.1645111210599114e+37,1.0555268126468929e+56,-1.0555268126468929e+56
2.4727946924504985e+47,1.190763210784388e+41,-3.6844071780127476e+42,6.333160882994635e+56,9.82580716246545e+38,2.1065090636746237e+41,1.2458067654218331e+45,-2.709941730131231e+40,2.8529225984843786e+44,1.5288386370220693e+38,4.437247798172819e+37,3.1665804389750704e+56,-3.1665804389750704e+56
6.181986730160739e+47,2.6196790637256538e+41,-8.474136509429302e+42,1.8999482651639777e+57,2.0634195041177445e+39,4.634319940084172e+41,2.989936237014686e+45,-5.961871806288707e+40,6.561721976515184e+44,3.210561137746346e+38,9.09635798625428e+37,9.499741319512187e+56,-9.499741319512187e+56
1.5454966823390375e+48,5.763293940196439e+41,-1.9490513971687362e+43,5.699844796156109e+57,4.3331809586472634e+39,1.019550386818518e+42,7.175846968839637e+45,-1.3116117973835154e+41,1.509196054598689e+45,6.742178389267326e+38,1.8647533871821274e+38,2.849922396500636e+57,-2.849922396500636e+57
3.8637417054285364e+48,1.2679246668432166e+42,-4.482818213488087e+43,1.7099534390129256e+58,9.099680013159253e+39,2.2430108510007398e+42,1.7222032725223562e+46,-2.885545954243734e+41,3.4711509255773306e+45,1.4158574617461388e+39,3.822744443723361e+38,8.549767191119916e+57,-8.549767191119916e+57
9.659354262698304e+48,2.7894342670550764e+42,-1.0310481891022592e+44,5.129860317454125e+58,1.9109328027634432e+40,4.9346238722016276e+42,4.1332878540552735e+46,-6.348201099336214e+41,7.983647128828472e+45,2.973300669666892e+39,7.83662610963289e+38,2.564930157740608e+58,-2.564930157740608e+58
2.4148385654926937e+49,6.136755387521167e+42,-2.3714108349351943e+44,1.5389580953401024e+59,4.012958885803231e+40,1.0856172518843581e+43,9.919890849735765e+46,-1.396604241853967e+42,1.836238839630656e+46,6.243931406300473e+39,1.6065083524747424e+39,7.69479047423372e+58,-7.69479047423372e+58
6.037096413352813e+49,1.3500861852546567e+43,-5.454244920350944e+44,4.616874286280035e+59,8.427213660186785e+40,2.388357954145588e+43,2.38077380393718e+47,-3.072529332078727e+42,4.2233493311506985e+46,1.3112255953230995e+40,3.293342122573222e+39,2.3084371425231637e+59,-2.3084371425231637e+59
1.509274103259261e+50,2.9701896075602447e+43,-1.2544763316807166e+45,1.385062285948958e+60,1.7697148686392248e+41,5.254387499120294e+43,5.7138571294503775e+47,-6.7595645305732e+42,9.71370346164694e+46,2.753573750178509e+40,6.751351351275104e+39,6.925311428202287e+59,-6.925311428202287e+59
3.7731852579836905e+50,6.534417136632538e+43,-2.8852955628656475e+45,4.155186858009279e+60,3.716401224142372e+41,1.1559652498064645e+44,1.3713257110683103e+48,-1.4871041967261039e+43,2.2341517961788553e+47,5.78250487537487e+40,1.3840270270113966e+40,2.0775934286189264e+60,-2.0775934286189264e+60
9.432963144616595e+50,1.4375717700591585e+44,-6.636179794590987e+45,1.2465560574433938e+61,7.804442570698982e+41,2.5431235495742216e+44,3.2911817065643674e+48,-3.2716292327974286e+43,5.138549131211471e+47,1.2143260238287226e+41,2.837255405373363e+40,6.2327802862524786e+60,-6.2327802862524786e+60
2.3582407860827676e+51,3.162657894130149e+44,-1.5263213527559267e+46,3.739668172431727e+61,1.6389329398467862e+42,5.594871809063288e+44,7.898836095755293e+48,-7.197584312154342e+43,1.1818663001786568e+48,2.5500846500403175e+41,5.816373581015394e+40,1.8698340859746918e+61,-1.8698340859746918e+61
5.895601965058209e+51,6.957847367086327e+44,-3.510539111338631e+46,1.1219004517549096e+62,3.441759173678251e+42,1.2308717979939233e+45,1.895720662981426e+49,-1.5834685486739552e+44,2.7182924904109432e+48,5.355177765084667e+41,1.1923565841081558e+41,5.609502258171501e+61,-5.609502258171501e+61
1.4739004912335707e+52,1.530726420758992e+45,-8.07423995607885e+46,3.365701355328219e+62,7.227694264724328e+42,2.7079179555866312e+45,4.5497295911557204e+49,-3.4836308070827014e+44,6.252072727945227e+48,1.1245873306677802e+42,2.4443309974217197e+41,1.68285067751332e+62,-1.68285067751332e+62
3.6847512280193824e+52,3.367598125669782e+45,-1.8570751898981353e+47,1.009710406614341e+63,1.5178157955921089e+43,5.957419502290588e+45,1.0919351018774303e+50,-7.663987775581943e+44,1.437976727427412e+49,2.3616333944023383e+42,5.010878544714525e+41,5.048552032694665e+62,-5.048552032694665e+62
9.211878069913988e+52,7.408715876473521e+45,-4.271272936765711e+47,3.0291312198827184e+63,3.187413170743429e+43,1.3106322905039293e+46,2.620644244505943e+50,-1.6860773106280273e+45,3.3073464730830655e+49,4.9594301282449104e+42,1.0272301016664778e+42,1.5145656098470836e+63,-1.5145656098470836e+63
2.302969517450483e+53,1.6299174928241746e+46,-9.823927754561134e+47,9.08739365974741e+63,6.693567658561201e+43,2.8833910391086446e+46,6.289546186814475e+50,-3.70937008338166e+45,7.606896888091083e+49,1.0414803269314312e+43,2.1058217084162794e+42,4.543696829637978e+63,-4.543696829637978e+63
5.7574237935678435e+53,3.585818484213184e+46,-2.2595033835490607e+48,2.72621809794904e+64,1.4056492082978521e+44,6.343460286039018e+46,1.5094910848355147e+51,-8.160614183439652e+45,1.7495862842609543e+50,2.1871086865560054e+43,4.316934502253373e+42,1.3631090489155793e+64,-1.3631090489155793e+64
1.4393559483798019e+54,7.888800665269005e+46,-5.1968577821628395e+48,8.17865429390917e+64,2.9518633374254896e+44,1.3955612629285838e+47,3.622778603605313e+51,-1.7953351203567234e+46,4.024048453800204e+50,4.592928241767612e+43,8.849715729619416e+42,4.089327146807213e+64,-4.089327146807213e+64
3.5983898709241736e+54,1.735536146359181e+47,-1.1952772898974532e+49,2.453596288188266e+65,6.198913008593528e+44,3.0702347784428844e+47,8.694668648652901e+51,-3.949737264784791e+46,9.255311443740487e+50,9.645149307711985e+43,1.8141917245719803e+43,1.226798144057285e+65,-1.226798144057285e+65
8.99597467725766e+54,3.8181795219901984e+47,-2.749137766764142e+49,7.36078886460359e+65,1.301771731804641e+45,6.754516512574345e+47,2.0867204756767248e+52,-8.68942198252654e+46,2.128721632060315e+51,2.025481354619517e+44,3.7190930353725596e+43,3.6803944322096636e+65,-3.6803944322096636e+65
2.2489936693034207e+55,8.399994948378436e+47,-6.323016863557527e+49,2.208236659390776e+66,2.7337206367897462e+45,1.485993632766356e+48,5.008129141624195e+52,-1.9116728361558387e+47,4.8960597537387295e+51,4.2535108447009855e+44,7.624140722513747e+43,1.1041183296723523e+66,-1.1041183296723523e+66
5.622484173235646e+55,1.847998888643256e+48,-1.4542938786182312e+50,6.6247099781965785e+66,5.740813337258467e+45,3.269185992085983e+48,1.2019509939898173e+53,-4.205680239542845e+47,1.1260937433599088e+52,8.93237277387207e+44,1.562948848115318e+44,3.3123549890406935e+66,-3.3123549890406935e+66
1.4056210433041397e+56,4.065597555015163e+48,-3.3448759208219317e+50,1.987412993465037e+67,1.2055708008242782e+46,7.192209182589162e+48,2.8846823855755816e+53,-9.25249652699426e+47,2.590015609727792e+52,1.8757982825131348e+45,3.204045138636402e+44,9.937064967181178e+66,-9.937064967181178e+66
3.5140526082504073e+56,8.944314621033358e+48,-7.693214617890444e+50,5.96223898041027e+67,2.531698681730984e+46,1.5822860201696158e+49,6.923237725381434e+53,-2.0355492359387372e+48,5.957035902373925e+52,3.9391763932775836e+45,6.5682925342046245e+44,2.98111949016913e+67,-2.98111949016913e+67
8.785131520605307e+56,1.9677492166273385e+49,-1.769439362114802e+51,1.7886716941268711e+68,5.316567231635067e+46,3.481029244373155e+49,1.6615770540915515e+54,-4.478208319065222e+48,1.3701182575460032e+53,8.272270425882926e+45,1.346499969511948e+45,8.943358470544335e+67,-8.943358470544335e+67
2.1962828801470122e+57,4.3290482765801445e+49,-4.069710532864045e+51,5.36601508239009e+68,1.116479118643364e+47,7.658264337620941e+49,3.987784929819738e+54,-9.852058301943488e+48,3.1512719923558084e+53,1.7371767894354146e+46,2.7603249374994935e+45,2.6830075411725374e+68,-2.6830075411725374e+68
5.490707200358541e+57,9.523906208476317e+49,-9.360334225587303e+51,1.6098045247193966e+69,2.3446061491510647e+47,1.684818154276607e+50,9.570683831567399e+54,-2.1674528264275674e+49,7.2479255824183615e+53,3.648071257814371e+46,5.658666121873962e+45,8.049022623540708e+68,-8.049022623540708e+68
1.3726768000877625e+58,2.0952593658647898e+50,-2.1528768718850797e+52,4.8294135741641145e+69,4.923672913217236e+47,3.7065999394085356e+50,2.2969641195761812e+55,-4.768396218140648e+49,1.6670228839562234e+54,7.660949641410181e+46,1.1600265549841622e+46,2.414706787067987e+69,-2.414706787067987e+69
3.431692000215505e+58,4.609570604902537e+50,-4.951616805335683e+52,1.4488240722507157e+70,1.0339713117756195e+48,8.154519866698779e+50,5.512713886982844e+55,-1.0490471679909425e+50,3.834152633099315e+54,1.608799424696138e+47,2.3780544377175323e+46,7.2441203612184e+69,-7.2441203612184e+69
8.579230000530635e+58,1.0141055330785582e+51,-1.138871865227207e+53,4.34647221675585e+70,2.1713397547288012e+48,1.7939943706737315e+51,1.3230513328758845e+56,-2.3079037695800736e+50,8.818551056128424e+54,3.3784787918618897e+47,4.875011597320941e+46,2.1732361083691298e+70,-2.1732361083691298e+70
2.144807500130965e+59,2.2310321727728278e+51,-2.6194052900225762e+53,1.3039416650276811e+71,4.5598134849304826e+48,3.946787615482209e+51,3.175323198902126e+56,-5.0773882930761625e+50,2.0282667429095377e+55,7.094805462909969e+47,9.99377377450793e+46,6.519708325116414e+70,-6.519708325116414e+70
5.362018750323885e+59,4.9082707801002215e+51,-6.024632167051925e+53,3.911824995085358e+71,9.575608318354014e+48,8.68293275406086e+51,7.620775677365109e+56,-1.1170254244767557e+51,4.665013508691937e+55,1.4899091472110933e+48,2.0487236237741256e+47,1.9559124975371812e+71,-1.9559124975371812e+71
1.3405046875802363e+60,1.0798195716220486e+52,-1.3856653984219428e+54,1.1735474985261862e+72,2.010877746854343e+49,1.910245205893389e+52,1.8289861625676274e+57,-2.4574559338488624e+51,1.0729531069991455e+56,3.128809209143296e+48,4.199883428736958e+47,5.867737492617186e+71,-5.867737492617186e+71
3.35126171894906e+60,2.375603057568507e+52,-3.187030416370468e+54,3.5206424955800053e+72,4.2228432683941206e+49,4.202539452965456e+52,4.389566790162308e+57,-5.4064030544674974e+51,2.467792146098035e+56,6.570499339200922e+48,8.609761028910763e+47,1.7603212477865662e+72,-1.7603212477865662e+72
8.378154297369459e+60,5.226326726650716e+52,-7.330169957652077e+54,1.0561927486743634e+73,8.867970863627654e+49,9.245586796524003e+52,1.0534960296389546e+58,-1.1894086719828493e+52,5.67592193602548e+56,1.379804861232194e+49,1.7650010109267065e+48,5.2809637433632254e+72,-5.2809637433632254e+72
2.0945385743417004e+61,1.1497918798631574e+53,-1.6859390902599776e+55,3.168578246023995e+73,1.8622738813618074e+50,2.0340290952352806e+53,2.5283904711334916e+58,-2.616699078362269e+52,1.3054620452858605e+57,2.8975902085876075e+49,3.618252072399748e+48,1.5842891230098492e+73,-1.5842891230098492e+73
5.236346435852866e+61,2.5295421356989462e+53,-3.877659907597949e+55,9.505734738074248e+73,3.910775150859796e+50,4.474864009517617e+53,6.068137130720381e+58,-5.756737972396991e+52,3.0025627041574792e+57,6.084939438033975e+49,7.417416748419483e+48,4.752867369031752e+73,-4.752867369031752e+73
1.309086608962928e+62,5.564992698537682e+53,-8.918617787475283e+55,2.8517204214228395e+74,8.212627816805572e+50,9.844700820938758e+53,1.4563529113728918e+59,-1.266482353927338e+53,6.905894219562202e+57,1.2778372819871348e+50,1.5205704334259941e+49,1.425860210710077e+74,-1.425860210710077e+74
3.272716522406719e+62,1.22429839367829e+54,-2.051282091119315e+56,8.555161264269931e+74,1.72465184152917e+51,2.1658341806065266e+54,3.4952469872949407e+59,-2.7862611786401434e+53,1.5883556704993065e+58,2.6834582921729834e+50,3.117169388523288e+49,4.277580632131609e+74,-4.277580632131609e+74
8.181791306015545e+62,2.6934564660922377e+54,-4.7179488095744255e+56,2.5665483792813326e+75,3.6217688672112575e+51,4.764835197334358e+54,8.388592769507858e+59,-6.129774593008316e+53,3.653218042148405e+58,5.635262413563265e+50,6.39019724647274e+49,1.2832741896398269e+75,-1.2832741896398269e+75
2.0454478265036253e+63,5.925604225402923e+54,-1.0851282262021179e+57,7.699645137844882e+75,7.605714621143641e+51,1.0482637434135588e+55,2.0132622646818858e+60,-1.3485504104618295e+54,8.402401496941332e+58,1.1834051068482858e+51,1.3099904355269117e+50,3.849822568920342e+75,-3.849822568920342e+75
5.11361956625852e+63,1.303632929588643e+55,-2.4957949202648712e+57,2.309893541353686e+76,1.5972000704401646e+52,2.3061802355098293e+55,4.831829435236526e+60,-2.966810903016025e+54,1.9325523442965063e+59,2.4851507243814002e+51,2.685480392830169e+50,1.1549467706763181e+76,-1.1549467706763181e+76
1.2784048915645168e+64,2.867992445095014e+55,-5.740328316609204e+57,6.92968062406161e+76,3.354120147924346e+52,5.073596518121624e+55,1.1596390644567663e+61,-6.526983986635255e+54,4.444870391881965e+59,5.21881652120094e+51,5.505234805301847e+50,3.4648403120294936e+76,-3.4648403120294936e+76
3.1960122289110565e+64,6.309583379209031e+55,-1.320275512820117e+58,2.078904187218621e+77,7.043652310641126e+52,1.1161912339867573e+56,2.7831337546962394e+61,-1.435936477059756e+55,1.022320190132852e+60,1.0959514694521975e+52,1.1285731350868787e+51,1.0394520936089827e+77,-1.0394520936089827e+77
7.99003057227715e+64,1.3881083434259868e+56,-3.0366336794862694e+58,6.236712561656208e+77,1.4791669852346366e+53,2.4556207147708662e+56,6.679521011270975e+61,-3.1590602495314627e+55,2.3513364373055595e+60,2.301498085849615e+52,2.313574926928101e+51,3.118356280827284e+77,-3.118356280827284e+77
1.9975076430691854e+65,3.053838355537171e+56,-6.984257462818419e+58,1.8710137684969487e+78,3.106250668992737e+53,5.402365572495905e+56,1.6030850427050338e+62,-6.949932548969217e+55,5.408073805802787e+60,4.833145980284192e+52,4.742828600202607e+51,9.355068842482695e+77,-9.355068842482695e+77
4.99376910767275e+65,6.718444382181776e+56,-1.6063792164482364e+59,5.613041305491062e+78,6.523126404884747e+53,1.188520425949099e+57,3.847404102492081e+62,-1.5289851607732276e+56,1.243856975334641e+61,1.0149606558596805e+53,9.722798630415345e+51,2.8065206527450183e+78,-2.8065206527450183e+78
1.2484422769181431e+66,1.4780577640799908e+57,-3.694672197830944e+59,1.6839123916473724e+79,1.3698565450257969e+54,2.6147449370880178e+57,9.233769845980992e+62,-3.3637673537011005e+56,2.8608710432696744e+61,2.131417377305329e+53,1.993173719235146e+52,8.41956195823558e+78,-8.41956195823558e+78
3.121105692295265e+66,3.25172708097598e+57,-8.497746055011172e+59,5.051737174942252e+79,2.8766987445541734e+54,5.752438861593639e+57,2.216104763035438e+63,-7.400288178142421e+56,6.580003399520252e+61,4.475976492341191e+53,4.086006124432049e+52,2.5258685874708055e+79,-2.5258685874708055e+79
7.80276423073797e+66,7.153799578147155e+57,-1.9544815926525696e+60,1.5155211524827096e+80,6.0410673635637644e+54,1.2655365495506006e+58,5.318651431285051e+63,-1.6280633991913325e+57,1.513400781889658e+62,9.399550633916502e+53,8.376312555085701e+52,7.577605762412745e+79,-7.577605762412745e+79
1.9506910576844524e+67,1.573835907192374e+58,-4.4953076631009105e+60,4.5465634574482136e+80,1.2686241463483905e+55,2.784180409011321e+58,1.2764763435084123e+64,-3.581739478220931e+57,3.480821798346213e+62,1.9739056331224653e+54,1.7171440737925687e+53,2.2732817287239062e+80,-2.2732817287239062e+80
4.876727644211048e+67,3.462438995823223e+58,-1.0339207625132095e+61,1.363969037234485e+81,2.66411070733162e+55,6.125196899824907e+58,3.0635432244201893e+64,-7.879826852086048e+57,8.00589013619629e+62,4.1452018295571775e+54,3.5201453512747658e+53,6.819845186171925e+80,-6.819845186171925e+80
1.2191819110527445e+68,7.617365790811089e+58,-2.3780177537803818e+61,4.091907111703508e+81,5.594632485396403e+55,1.3475433179614796e+59,7.352503738608454e+64,-1.7335619074589305e+58,1.8413547313251467e+63,8.704923842070073e+54,7.2162979701132705e+53,2.045953555851629e+81,-2.045953555851629e+81
3.0479547776318245e+68,1.6758204739784395e+59,-5.469440833694878e+61,1.2275721335110656e+82,1.1748728219332448e+56,2.9645952995152547e+59,1.764600897266029e+65,-3.813836196409647e+58,4.235115882047837e+63,1.8280340068347153e+55,1.4793410838732204e+54,6.137860667555015e+81,-6.137860667555015e+81
7.619886944079486e+68,3.686805042752567e+59,-1.2579713917498219e+62,3.68271640053323e+82,2.467232926059814e+56,6.522109658933561e+59,4.23504215343847e+65,-8.390439632101224e+58,9.740766528710025e+63,3.8388714143529023e+55,3.0326492219401017e+54,1.8413582002665364e+82,-1.8413582002665364e+82
1.9049717360198557e+69,8.110971094055647e+59,-2.89333420102459e+62,1.1048149201599772e+83,5.18118914472561e+56,1.4348641249653833e+60,1.0164101168252328e+66,-1.8458967190622693e+59,2.2403763016033058e+64,8.061629970141096e+55,6.216930904977208e+54,5.52407460079969e+82,-5.52407460079969e+82
4.762429340049606e+69,1.7844136406922423e+60,-6.654668662356557e+62,3.314444760479952e+83,1.0880497203923782e+57,3.156701074923843e+60,2.4393842803805586e+66,-4.060972781936992e+59,5.152865493687603e+64,1.6929422937296302e+56,1.2744708355203277e+55,1.6572223802399273e+83,-1.6572223802399273e+83
1.1906073350123947e+70,3.925710009522933e+60,-1.530573792342008e+63,9.943334281439908e+83,2.2849044128239944e+57,6.944742364832454e+60,5.854522272913341e+66,-8.934140120261383e+59,1.185159063548149e+65,3.5551788168322235e+56,2.612665212816672e+55,4.971667140719832e+83,-4.971667140719832e+83
2.976518337530972e+70,8.636562020950453e+60,-3.520319722386619e+63,2.9830002844319855e+84,4.798299266930389e+57,1.5278433202631396e+61,1.4050853454992017e+67,-1.9655108264575044e+60,2.7258658461607427e+65,7.465875515347669e+56,5.355963686274177e+55,1.4915001422159623e+84,-1.4915001422159623e+84
7.4412958438274e+70,1.9000436446090998e+61,-8.096735361489223e+63,8.949000853295988e+84,1.0076428460553818e+58,3.3612553045789067e+61,3.3722048291980843e+67,-4.324123818206509e+60,6.269491446169708e+65,1.5678338582230106e+57,1.0979725556862064e+56,4.474500426647918e+84,-4.474500426647918e+84
1.860323960956844e+71,4.1800960181400195e+61,-1.8622491331425215e+64,2.6847002559888043e+85,2.116049976716302e+58,7.394761670073594e+61,8.093291590075402e+67,-9.51307240005432e+60,1.4419830326190329e+66,3.2924511022683224e+57,2.2508437391567234e+56,1.3423501279943832e+85,-1.3423501279943832e+85
4.650809902392097e+71,9.196211239908043e+61,-4.2831730062277995e+64,8.054100767966432e+85,4.4437049511042344e+58,1.6268475674161907e+62,1.9423899816180966e+68,-2.0928759280119503e+61,3.316560975023776e+66,6.914147314763476e+57,4.614229665271283e+56,4.027050383983169e+85,-4.027050383983169e+85
1.1627024755980216e+72,2.0231664727797695e+62,-9.851297914323939e+64,2.4162302303899348e+86,9.331780397318892e+58,3.5790646483156197e+62,4.661735955883431e+68,-4.6043270416262904e+61,7.628090242554684e+66,1.4519709361003302e+58,9.45917081380613e+56,1.2081151151949554e+86,-1.2081151151949554e+86
2.9067561889950482e+72,4.450966240115493e+62,-2.265798520294506e+65,7.248690691169818e+86,1.9596738834369675e+59,7.873942226294363e+62,1.1188166294120233e+69,-1.0129519491577838e+62,1.7544607557875773e+67,3.0491389658106937e+58,1.9391300168302568e+57,3.6243453455848785e+86,-3.6243453455848785e+86
7.26689047248761e+72,9.792125728254085e+62,-5.211336596677364e+65,2.1746072073509486e+87,4.115315155217632e+59,1.7322672897847597e+63,2.685159910588856e+69,-2.2284942881471243e+62,4.035259738311428e+67,6.403191828202458e+58,3.975216534502026e+57,1.0873036036754668e+87,-1.0873036036754668e+87
1.8167226181219e+73,2.154267660215899e+63,-1.1986074172357939e+66,6.523821622052853e+87,8.642161825957028e+59,3.810988037526472e+63,6.444383785413254e+69,-4.902687433923673e+62,9.281097398116284e+67,1.344670283922516e+59,8.149193895729154e+57,3.2619108110264084e+87,-3.2619108110264084e+87
4.5418065453047457e+73,4.7393888524749774e+63,-2.7567970596423257e+66,1.957146486615858e+88,1.814853983450976e+60,8.384173682558237e+63,1.546652108499181e+70,-1.0785912354632082e+63,2.1346524015667454e+68,2.8238075962372837e+59,1.6705847486244768e+58,9.785732433079242e+87,-9.785732433079242e+87
1.1354516363261854e+74,1.0426655475444951e+64,-6.340633237177349e+66,5.8714394598475784e+88,3.8111933652470494e+60,1.8445182101628122e+64,3.711965060398034e+70,-2.3729007180190577e+63,4.909700523603514e+68,5.929995952098296e+59,3.424698734680177e+58,2.9357197299237775e+88,-2.9357197299237775e+88
2.838629090815461e+74,2.2938642045978892e+64,-1.4583456445507904e+67,1.7614318379542746e+89,8.003506067018805e+60,4.0579400623581864e+64,8.908716144955281e+70,-5.220381579641927e+63,1.1292311204288083e+69,1.2452991499406422e+60,7.020632406094364e+58,8.807159189771345e+88,-8.807159189771345e+88
7.096572727038648e+74,5.046501250115356e+64,-3.354194982466818e+67,5.284295513862827e+89,1.6807362740739493e+61,8.92746813718801e+64,2.1380918747892672e+71,-1.1484839475212238e+64,2.597231576986259e+69,2.6151282148753484e+60,1.4392296432493448e+59,2.6421477569314063e+89,-2.6421477569314063e+89
1.7741431817596611e+75,1.1102302750253783e+65,-7.714648459673682e+67,1.5852886541588489e+90,3.529546175555294e+61,1.9640429901813622e+65,5.131420499494241e+71,-2.5266646845466926e+64,5.973632627068396e+69,5.491769251238232e+60,2.950420768661157e+59,7.926443270794227e+89,-7.926443270794227e+89
4.4353579543991506e+75,2.4425066050558324e+65,-1.7743691457249468e+68,4.755865962476549e+90,7.412046968666118e+61,4.320894578398997e+65,1.2315409198786179e+72,-5.558662306002723e+64,1.3739355042257311e+70,1.1532715427600287e+61,6.048362575755372e+59,2.37793298123827e+90,-2.37793298123827e+90
1.108839488599787e+76,5.373514531122831e+65,-4.0810490351673775e+68,1.426759788742965e+91,1.5565298634198849e+62,9.505968072477794e+65,2.9556982077086828e+72,-1.222905707320599e+65,3.1600516597191815e+70,2.4218702397960605e+61,1.2399143280298512e+60,7.133798943714814e+90,-7.133798943714814e+90
2.7720987214994668e+76,1.1821731968470228e+66,-9.386412780884968e+68,4.2802793662288966e+91,3.2687127131817583e+62,2.091312975945115e+66,7.093675698500839e+72,-2.690392556105318e+65,7.268118817354118e+70,5.085927503571727e+61,2.541824372461195e+60,2.1401396831144454e+91,-2.1401396831144454e+91
6.930246803748665e+76,2.6007810330634504e+66,-2.1588749396035428e+69,1.2840838098686693e+92,6.864296697681693e+62,4.600888547079253e+66,1.702482167640201e+73,-5.9188636234317e+65,1.671667327991447e+71,1.0680447757500628e+62,5.21073996354545e+60,6.420419049343339e+91,-6.420419049343339e+91
1.7325617009371657e+77,5.7217182727395905e+66,-4.965412361088149e+69,3.8522514296060084e+92,1.4415023065131554e+63,1.0121954803574356e+67,4.0859572023364826e+73,-1.3021499971549738e+66,3.844834854380328e+71,2.2428940290751316e+62,1.0682016925268172e+61,1.9261257148030025e+92,-1.9261257148030025e+92
4.331404252342914e+77,1.25877802000271e+67,-1.1420448430502742e+70,1.1556754288818026e+93,3.0271548436776263e+63,2.2268300567863583e+67,9.806297285607558e+73,-2.8647299937409423e+66,8.843120165074755e+71,4.710077461057777e+62,2.1898134696799753e+61,5.77837714440901e+92,-5.77837714440901e+92
1.0828510630857283e+78,2.7693116440059623e+67,-2.6267031390156306e+70,3.4670262866454086e+93,6.357025171723016e+63,4.899026124929988e+67,2.353511348545814e+74,-6.302405986230073e+66,2.033917637967194e+72,9.891162668221333e+62,4.4891176128439495e+61,1.7335131433227031e+93,-1.7335131433227031e+93
2.7071276577143206e+78,6.092485616813116e+67,-6.041417219735951e+70,1.0401078859936227e+94,1.3349752860618335e+64,1.0777857474845974e+68,5.648427236509953e+74,-1.3865293169706163e+67,4.6780105673245455e+72,2.07714416032648e+63,9.202691106330096e+61,5.200539429968111e+93,-5.200539429968111e+93
6.767819144285801e+78,1.3403468356988855e+68,-1.3895259605392688e+71,3.1203236579808684e+94,2.80344810072985e+64,2.371128644466114e+68,1.3556225367623888e+75,-3.0503644973353555e+67,1.0759424304846454e+73,4.362002736685608e+63,1.8865516767976698e+62,1.5601618289904334e+94,-1.5601618289904334e+94
1.69195478607145e+79,2.948763038537548e+68,-3.1959097092403184e+71,9.360970973942607e+94,5.887241011532686e+64,5.21648301782545e+68,3.2534940882297328e+75,-6.710801894137783e+67,2.4746675901146846e+73,9.160205747039777e+63,3.867430937435223e+62,4.680485486971301e+94,-4.680485486971301e+94
